<mujoco model="xarm7 scene">
  
  <!--<option gravity="0 0 0"/>--><!-- Gravity here -->
  
  <include file="xarm7_act.xml"/>

  <statistic center="0.2 0 0.4" extent=".65"/>

  <visual>
    <headlight diffuse="0.6 0.6 0.6" ambient="0.3 0.3 0.3" specular="0 0 0"/>
    <rgba haze="0.15 0.25 0.35 1"/>
    <global azimuth="150" elevation="-20"/>
  </visual>

  <asset>
    <texture type="skybox" builtin="gradient" rgb1="0.3 0.5 0.7" rgb2="0 0 0" width="512" height="3072"/>
    <texture type="2d" name="groundplane" builtin="checker" mark="edge" rgb1="0.2 0.3 0.4" rgb2="0.1 0.2 0.3"
      markrgb="0.8 0.8 0.8" width="300" height="300"/>
    <material name="groundplane" texture="groundplane" texuniform="true" texrepeat="5 5" reflectance="0.2"/>
    <material name="table_mat" specular="0" shininess="0.5" reflectance="0" rgba="0.93 0.93 0.93 1"/>
  </asset>

  <worldbody>
    <light pos="0 0 1.5" dir="0 0 -1" directional="true"/>
    <geom name="floor" size="0 0 0.049" type="plane" material="groundplane"/>
    <geom type="cylinder" size=".06 .06" pos="0 0 .06" rgba="1 1 1 1"/>
    <body name="object" pos="0.51 0.0 0.07" >
      <geom  size="0.065 0.065 0.025" type="box" mass="0.25" friction="0.08 0.005 0.0001"/>
      <joint type="free"/>
      <site type="sphere" size="0.01" rgba="0 0 1 1" group="1"/>
    </body>  
    <body name="target" pos="0.3 0 .3" quat="0 1 0 0" mocap="true">
      <geom type="box" size=".05 .05 .05" contype="0" conaffinity="0" rgba=".6 .3 .3 .5"/>
      <site type="sphere" size="0.01" rgba="0 0 1 1" group="1"/>
    </body>
    <body pos="1.75 0.0 0.06" name="table0"> 
    <geom size="1.25 0.85 0.005" type="box" mass="2000" group="1" material="table_mat" friction="0.1 0.005 0.0001"></geom>
	  </body>


  </worldbody>
</mujoco>
