<mujoco model="xarm7 scene">
  <!--<option gravity="0 0 0"/>-->
  <compiler angle="radian" meshdir="assets/"/>
  <option integrator="implicitfast"/>
  <size nkey="1"/>
  <visual>
    <global azimuth="150" elevation="-20"/>
    <headlight ambient="0.3 0.3 0.3" diffuse="0.6 0.6 0.6" specular="0 0 0"/>
    <rgba haze="0.15 0.25 0.35 1"/>
  </visual>
  <statistic extent="0.65" center="0.2 0 0.4"/>
  <default class="main">
    <default class="xarm7">
      <joint range="-6.28319 6.28319" frictionloss="1"/>
      <geom type="mesh" material="white"/>
      <site size="0.001 0.005 0.005" group="4" rgba="1 0 0 1"/>
      <general ctrlrange="-6.28319 6.28319" biastype="affine"/>
      <default class="size1">
        <joint damping="10"/>
        <site size="0.005 0.005 0.005" group="0" rgba="0.5 0.5 0.5 1"/>
        <general forcerange="-50 50" gainprm="1500 0 0 0 0 0 0 0 0 0" biasprm="0 -1500 -150 0 0 0 0 0 0 0"/>
      </default>
      <default class="size2">
        <joint damping="5"/>
        <site size="0.005 0.005 0.005" group="0" rgba="0.5 0.5 0.5 1"/>
        <general forcerange="-30 30" gainprm="1000 0 0 0 0 0 0 0 0 0" biasprm="0 -1000 -100 0 0 0 0 0 0 0"/>
      </default>
      <default class="size3">
        <joint damping="2"/>
        <site size="0.005 0.005 0.005" group="0" rgba="0.5 0.5 0.5 1"/>
        <general forcerange="-20 20" gainprm="800 0 0 0 0 0 0 0 0 0" biasprm="0 -800 -80 0 0 0 0 0 0 0"/>
      </default>
      <default class="spring_link">
        <joint springref="2.62" stiffness="0.05" range="0 0.85" damping="0.00125"/>
        <site size="0.005 0.005 0.005" group="0" rgba="0.5 0.5 0.5 1"/>
      </default>
      <default class="driver">
        <joint solreflimit="0.005 1" range="0 0.85" armature="0.005" damping="0.1"/>
        <site size="0.005 0.005 0.005" group="0" rgba="0.5 0.5 0.5 1"/>
      </default>
      <default class="follower">
        <joint solreflimit="0.005 1" range="0 0.85"/>
        <site size="0.005 0.005 0.005" group="0" rgba="0.5 0.5 0.5 1"/>
      </default>
    </default>
  </default>
  <asset>
    <texture type="skybox" builtin="gradient" rgb1="0.3 0.5 0.7" rgb2="0 0 0" width="512" height="3072"/>
    <texture type="2d" name="groundplane" builtin="checker" mark="edge" rgb1="0.2 0.3 0.4" rgb2="0.1 0.2 0.3" markrgb="0.8 0.8 0.8" width="300" height="300"/>
    <material name="white"/>
    <material name="gray" rgba="0.753 0.753 0.753 1"/>
    <material name="black" rgba="0.149 0.149 0.149 1"/>
    <material name="groundplane" texture="groundplane" texuniform="true" texrepeat="5 5" reflectance="0.2"/>
    <material name="table_mat" specular="0" rgba="0.93 0.93 0.93 1"/>
    <mesh name="link_base" file="link_base.stl"/>
    <mesh name="link1" file="link1.stl"/>
    <mesh name="link2" file="link2.stl"/>
    <mesh name="link3" file="link3.stl"/>
    <mesh name="link4" file="link4.stl"/>
    <mesh name="link5" file="link5.stl"/>
    <mesh name="link6" file="link6.stl"/>
    <mesh name="link7" file="link7.stl"/>
    <mesh name="end_tool" file="end_tool.stl"/>
    <mesh name="base_link" file="base_link.stl"/>
    <mesh name="left_outer_knuckle" file="left_outer_knuckle.stl"/>
    <mesh name="left_finger" file="left_finger.stl"/>
    <mesh name="left_inner_knuckle" file="left_inner_knuckle.stl"/>
    <mesh name="right_outer_knuckle" file="right_outer_knuckle.stl"/>
    <mesh name="right_finger" file="right_finger.stl"/>
    <mesh name="right_inner_knuckle" file="right_inner_knuckle.stl"/>
    <mesh name="finger_ext" file="finger_ext.stl" scale="0.1 0.1 0.1"/>
  </asset>
  <worldbody>
    <geom name="floor" size="0 0 0.05" type="plane" material="groundplane"/>
    <geom size="0.06 0.06" pos="0 0 0.06" type="cylinder" rgba="1 1 1 1"/>
    <light pos="0 0 1.5" dir="0 0 -1" directional="true"/>
    <body name="link_base" childclass="xarm7" pos="0 0 0.12">
      <inertial pos="-0.021131 -0.0016302 0.056488" quat="0.696843 0.20176 0.10388 0.680376" mass="0.88556" diaginertia="0.00382023 0.00335282 0.00167725"/>
      <geom mesh="link_base"/>
      <body name="link1" pos="0 0 0.267">
        <inertial pos="-0.0002 0.02905 -0.01233" quat="0.978953 -0.202769 -0.00441617 -0.0227264" mass="2.382" diaginertia="0.00569127 0.00533384 0.00293865"/>
        <joint name="joint1" class="size1" pos="0 0 0" axis="0 0 1"/>
        <geom mesh="link1"/>
        <body name="link2" quat="0.707107 -0.707107 0 0">
          <inertial pos="0.00022 -0.12856 0.01735" quat="0.50198 0.86483 -0.00778841 0.00483285" mass="1.869" diaginertia="0.00959898 0.00937717 0.00201315"/>
          <joint name="joint2" class="size1" pos="0 0 0" axis="0 0 1" range="-2.059 2.0944"/>
          <geom mesh="link2"/>
          <body name="link3" pos="0 -0.293 0" quat="0.707107 0.707107 0 0">
            <inertial pos="0.0466 -0.02463 -0.00768" quat="0.913819 0.289775 0.281481 -0.0416455" mass="1.6383" diaginertia="0.00351721 0.00294089 0.00195868"/>
            <joint name="joint3" class="size2" pos="0 0 0" axis="0 0 1"/>
            <geom mesh="link3"/>
            <body name="link4" pos="0.0525 0 0" quat="0.707107 0.707107 0 0">
              <inertial pos="0.07047 -0.11575 0.012" quat="0.422108 0.852026 -0.126025 0.282832" mass="1.7269" diaginertia="0.00657137 0.00647948 0.00186763"/>
              <joint name="joint4" class="size2" pos="0 0 0" axis="0 0 1" range="-0.19198 3.927"/>
              <geom mesh="link4"/>
              <body name="link5" pos="0.0775 -0.3425 0" quat="0.707107 0.707107 0 0">
                <inertial pos="-0.00032 0.01604 -0.026" quat="0.999311 -0.0304457 0.000577067 0.0212082" mass="1.3203" diaginertia="0.00534729 0.00499076 0.0013489"/>
                <joint name="joint5" class="size2" pos="0 0 0" axis="0 0 1"/>
                <geom mesh="link5"/>
                <body name="link6" quat="0.707107 0.707107 0 0">
                  <inertial pos="0.06469 0.03278 0.02141" quat="-0.217672 0.772419 0.16258 0.574069" mass="1.325" diaginertia="0.00245421 0.00221646 0.00107273"/>
                  <joint name="joint6" class="size3" pos="0 0 0" axis="0 0 1" range="-1.69297 3.14159"/>
                  <geom mesh="link6"/>
                  <body name="link7" pos="0.076 0.097 0" quat="0.707107 -0.707107 0 0">
                    <inertial pos="0 -0.00677 -0.01098" quat="0.487612 0.512088 -0.512088 0.487612" mass="0.17" diaginertia="0.000132176 9.3e-05 5.85236e-05"/>
                    <joint name="joint7" class="size3" pos="0 0 0" axis="0 0 1"/>
                    <geom material="gray" mesh="end_tool"/>
                    <body name="xarm_gripper_base_link" quat="0 0 0 1">
                      <inertial pos="-0.00065489 -0.0018497 0.048028" quat="0.997403 -0.0717512 -0.0061836 0.000477479" mass="0.54156" diaginertia="0.000471093 0.000332307 0.000254799"/>
                      <geom mesh="base_link"/>
                      <site name="link_tcp" pos="0 0 0.172"/>
                      <body name="left_outer_knuckle" pos="0 0.035 0.059098">
                        <inertial pos="0 0.021559 0.015181" quat="0.47789 0.87842 0 0" mass="0.033618" diaginertia="1.9111e-05 1.79089e-05 1.90167e-06"/>
                        <joint name="left_driver_joint" class="driver" pos="0 0 0" axis="1 0 0"/>
                        <geom material="black" mesh="left_outer_knuckle"/>
                        <body name="left_finger" pos="0 0.035465 0.042039">
                          <inertial pos="0 -0.016413 0.029258" quat="0.697634 0.115353 -0.115353 0.697634" mass="0.048304" diaginertia="1.88037e-05 1.7493e-05 3.56792e-06"/>
                          <joint name="left_finger_joint" class="follower" pos="0 0 0" axis="-1 0 0"/>
                          <geom material="black" mesh="left_finger"/>
                          <body name="left_finger_ext" pos="0.0005 0 -0.004">
                            <geom material="black" mesh="finger_ext"/>
                          </body>
                        </body>
                      </body>
                      <body name="left_inner_knuckle" pos="0 0.02 0.074098">
                        <inertial pos="1.86601e-06 0.0220468 0.0261335" quat="0.664139 -0.242732 0.242713 0.664146" mass="0.0230126" diaginertia="8.34216e-06 6.0949e-06 2.75601e-06"/>
                        <joint name="left_inner_knuckle_joint" class="spring_link" pos="0 0 0" axis="1 0 0" springref="2.62"/>
                        <geom material="black" mesh="left_inner_knuckle"/>
                      </body>
                      <body name="right_outer_knuckle" pos="0 -0.035 0.059098">
                        <inertial pos="0 -0.021559 0.015181" quat="0.87842 0.47789 0 0" mass="0.033618" diaginertia="1.9111e-05 1.79089e-05 1.90167e-06"/>
                        <joint name="right_driver_joint" class="driver" pos="0 0 0" axis="-1 0 0"/>
                        <geom material="black" mesh="right_outer_knuckle"/>
                        <body name="right_finger" pos="0 -0.035465 0.042039">
                          <inertial pos="0 0.016413 0.029258" quat="0.697634 -0.115356 0.115356 0.697634" mass="0.048304" diaginertia="1.88038e-05 1.7493e-05 3.56779e-06"/>
                          <joint name="right_finger_joint" class="follower" pos="0 0 0" axis="1 0 0"/>
                          <geom material="black" mesh="right_finger"/>
                          <body name="right_finger_ext" pos="-0.0005 0 -0.004" quat="0 0 0 1">
                            <geom material="black" mesh="finger_ext"/>
                          </body>
                        </body>
                      </body>
                      <body name="right_inner_knuckle" pos="0 -0.02 0.074098">
                        <inertial pos="1.866e-06 -0.022047 0.026133" quat="0.66415 0.242702 -0.242721 0.664144" mass="0.023013" diaginertia="8.34209e-06 6.0949e-06 2.75601e-06"/>
                        <joint name="right_inner_knuckle_joint" class="spring_link" pos="0 0 0" axis="-1 0 0" springref="2.62"/>
                        <geom material="black" mesh="right_inner_knuckle"/>
                      </body>
                    </body>
                  </body>
                </body>
              </body>
            </body>
          </body>
        </body>
      </body>
    </body>
    <body>
      <joint type="free"/>
      <geom name="object" size="0.05 0.05 0.05" pos="1.43 0 0.25" type="box" friction="0.08 0.005 0.0001" mass="0.5"/>
    </body>
    <body name="target" pos="0.5 0 0.35" quat="0 1 0 0" mocap="true">
      <geom size="0.05 0.05 0.05" type="box" contype="0" conaffinity="0" rgba="0.6 0.3 0.3 0.5"/>
      <site pos="0 0 0" size="0.01" group="1" rgba="0 0 1 1"/>
    </body>
    <body name="table0" pos="2.65 0 0.18">
      <geom size="1.25 0.85 0.02" type="box" group="1" friction="0.1 0.005 0.0001" mass="2000" material="table_mat"/>
    </body>
  </worldbody>
  <contact>
    <exclude body1="left_outer_knuckle" body2="left_inner_knuckle"/>
    <exclude body1="left_finger" body2="left_inner_knuckle"/>
    <exclude body1="right_outer_knuckle" body2="right_inner_knuckle"/>
    <exclude body1="right_finger" body2="right_inner_knuckle"/>
  </contact>
  <equality>
    <connect body1="right_finger" body2="right_inner_knuckle" anchor="0 0.015 0.015" solref="0.005 1"/>
    <connect body1="left_finger" body2="left_inner_knuckle" anchor="0 -0.015 0.015" solref="0.005 1"/>
    <joint joint1="left_driver_joint" joint2="right_driver_joint" polycoef="0 1 0 0 0" solref="0.005 1"/>
  </equality>
  <tendon>
    <fixed name="split">
      <joint joint="right_driver_joint" coef="0.5"/>
      <joint joint="left_driver_joint" coef="0.5"/>
    </fixed>
  </tendon>
  <actuator>
    <general name="joint1" class="size1" joint="joint1"/>
    <general name="joint2" class="size1" joint="joint2" ctrlrange="-2.059 2.0944"/>
    <general name="joint3" class="size2" joint="joint3"/>
    <general name="joint4" class="size2" joint="joint4" ctrlrange="-0.19198 3.927"/>
    <general name="joint5" class="size2" joint="joint5"/>
    <general name="joint6" class="size3" joint="joint6" ctrlrange="-1.69297 3.14159"/>
    <general name="joint7" class="size3" joint="joint7"/>
    <general name="gripper" tendon="split" ctrlrange="0 255" forcerange="-50 50" biastype="affine" gainprm="0.333 0 0 0 0 0 0 0 0 0" biasprm="0 -100 -10 0 0 0 0 0 0 0"/>
  </actuator>
  <keyframe>
    <key name="home" qpos="0 -0.247 0 0.909 0 1.15644 0 0 0 0 0 0 0 0 0 0 1 0 0 0" ctrl="0 -0.247 0 0.909 0 1.15644 0 0"/>
  </keyframe>
</mujoco>
